observation_date,PCU31153115
1984-12-01,100.000
1985-01-01,99.900
1985-02-01,99.500
1985-03-01,99.300
1985-04-01,98.700
1985-05-01,98.200
1985-06-01,97.900
1985-07-01,97.400
1985-08-01,97.100
1985-09-01,96.900
1985-10-01,96.900
1985-11-01,96.800
1985-12-01,96.800
1986-01-01,96.700
1986-02-01,96.800
1986-03-01,96.700
1986-04-01,96.500
1986-05-01,96.800
1986-06-01,96.700
1986-07-01,97.000
1986-08-01,97.600
1986-09-01,98.000
1986-10-01,98.600
1986-11-01,99.200
1986-12-01,99.500
1987-01-01,99.500
1987-02-01,99.200
1987-03-01,99.100
1987-04-01,99.100
1987-05-01,98.700
1987-06-01,99.100
1987-07-01,99.200
1987-08-01,99.700
1987-09-01,100.200
1987-10-01,99.800
1987-11-01,100.200
1987-12-01,99.400
1988-01-01,98.700
1988-02-01,98.500
1988-03-01,98.100
1988-04-01,97.900
1988-05-01,98.100
1988-06-01,98.600
1988-07-01,99.100
1988-08-01,100.000
1988-09-01,101.300
1988-10-01,102.600
1988-11-01,103.500
1988-12-01,104.200
1989-01-01,105.100
1989-02-01,104.800
1989-03-01,104.500
1989-04-01,104.100
1989-05-01,104.100
1989-06-01,104.700
1989-07-01,105.700
1989-08-01,107.900
1989-09-01,110.000
1989-10-01,112.600
1989-11-01,115.800
1989-12-01,117.100
1990-01-01,116.500
1990-02-01,113.700
1990-03-01,112.700
1990-04-01,111.700
1990-05-01,112.600
1990-06-01,113.700
1990-07-01,115.100
1990-08-01,115.600
1990-09-01,115.400
1990-10-01,114.300
1990-11-01,111.400
1990-12-01,109.700
1991-01-01,109.300
1991-02-01,109.000
1991-03-01,108.900
1991-04-01,108.500
1991-05-01,108.400
1991-06-01,108.900
1991-07-01,110.100
1991-08-01,111.300
1991-09-01,112.200
1991-10-01,114.500
1991-11-01,115.300
1991-12-01,115.800
1992-01-01,114.200
1992-02-01,112.400
1992-03-01,111.400
1992-04-01,111.500
1992-05-01,112.900
1992-06-01,114.300
1992-07-01,114.700
1992-08-01,115.300
1992-09-01,115.500
1992-10-01,115.100
1992-11-01,114.400
1992-12-01,113.300
1993-01-01,112.600
1993-02-01,111.900
1993-03-01,111.400
1993-04-01,112.800
1993-05-01,114.100
1993-06-01,115.400
1993-07-01,115.100
1993-08-01,114.100
1993-09-01,114.100
1993-10-01,115.000
1993-11-01,116.000
1993-12-01,116.700
1994-01-01,116.200
1994-02-01,115.900
1994-03-01,116.500
1994-04-01,117.200
1994-05-01,117.100
1994-06-01,115.200
1994-07-01,113.600
1994-08-01,114.300
1994-09-01,114.900
1994-10-01,115.200
1994-11-01,115.500
1994-12-01,115.200
1995-01-01,113.700
1995-02-01,114.000
1995-03-01,114.600
1995-04-01,114.600
1995-05-01,114.200
1995-06-01,113.700
1995-07-01,114.200
1995-08-01,115.100
1995-09-01,116.400
1995-10-01,118.100
1995-11-01,120.300
1995-12-01,120.100
1996-01-01,119.500
1996-02-01,119.000
1996-03-01,118.800
1996-04-01,118.800
1996-05-01,121.400
1996-06-01,125.700
1996-07-01,128.300
1996-08-01,131.000
1996-09-01,133.300
1996-10-01,133.900
1996-11-01,127.000
1996-12-01,123.700
1997-01-01,122.300
1997-02-01,123.100
1997-03-01,124.000
1997-04-01,123.500
1997-05-01,121.900
1997-06-01,121.500
1997-07-01,121.100
1997-08-01,122.300
1997-09-01,123.200
1997-10-01,126.300
1997-11-01,129.100
1997-12-01,129.100
1998-01-01,126.200
1998-02-01,128.400
1998-03-01,127.900
1998-04-01,127.100
1998-05-01,126.600
1998-06-01,128.700
1998-07-01,131.000
1998-08-01,135.000
1998-09-01,140.300
1998-10-01,142.100
1998-11-01,141.800
1998-12-01,141.600
1999-01-01,141.700
1999-02-01,137.700
1999-03-01,136.100
1999-04-01,127.900
1999-05-01,128.300
1999-06-01,130.800
1999-07-01,131.600
1999-08-01,134.700
1999-09-01,137.000
1999-10-01,137.000
1999-11-01,135.300
1999-12-01,127.800
2000-01-01,127.100
2000-02-01,126.900
2000-03-01,127.300
2000-04-01,128.400
2000-05-01,128.900
2000-06-01,130.300
2000-07-01,131.800
2000-08-01,131.300
2000-09-01,131.800
2000-10-01,130.500
2000-11-01,131.500
2000-12-01,132.800
2001-01-01,133.100
2001-02-01,132.800
2001-03-01,135.600
2001-04-01,138.100
2001-05-01,142.900
2001-06-01,145.800
2001-07-01,146.600
2001-08-01,147.300
2001-09-01,148.600
2001-10-01,146.000
2001-11-01,141.000
2001-12-01,136.700
2002-01-01,137.100
2002-02-01,136.200
2002-03-01,135.100
2002-04-01,134.700
2002-05-01,133.500
2002-06-01,132.700
2002-07-01,131.400
2002-08-01,131.300
2002-09-01,131.000
2002-10-01,133.000
2002-11-01,131.400
2002-12-01,132.300
2003-01-01,132.100
2003-02-01,131.500
2003-03-01,130.600
2003-04-01,130.800
2003-05-01,131.500
2003-06-01,131.600
2003-07-01,136.000
2003-08-01,139.600
2003-09-01,142.100
2003-10-01,142.800
2003-11-01,141.400
2003-12-01,140.100
2004-01-01,138.400
2004-02-01,139.800
2004-03-01,144.800
2004-04-01,156.900
2004-05-01,164.200
2004-06-01,162.600
2004-07-01,152.600
2004-08-01,149.500
2004-09-01,150.000
2004-10-01,149.400
2004-11-01,150.600
2004-12-01,152.900
2005-01-01,152.700
2005-02-01,150.400
2005-03-01,151.400
2005-04-01,151.800
2005-05-01,150.200
2005-06-01,149.500
2005-07-01,151.700
2005-08-01,150.700
2005-09-01,152.200
2005-10-01,152.600
2005-11-01,151.400
2005-12-01,151.400
2006-01-01,151.000
2006-02-01,148.900
2006-03-01,146.000
2006-04-01,144.000
2006-05-01,143.500
2006-06-01,143.800
2006-07-01,143.800
2006-08-01,145.200
2006-09-01,148.200
2006-10-01,149.600
2006-11-01,152.000
2006-12-01,153.000
2007-01-01,155.300
2007-02-01,157.800
2007-03-01,160.700
2007-04-01,163.700
2007-05-01,169.300
2007-06-01,179.400
2007-07-01,184.700
2007-08-01,184.800
2007-09-01,185.800
2007-10-01,183.400
2007-11-01,184.200
2007-12-01,184.500
2008-01-01,182.800
2008-02-01,180.800
2008-03-01,176.700
2008-04-01,177.400
2008-05-01,178.000
2008-06-01,182.700
2008-07-01,184.000
2008-08-01,181.900
2008-09-01,179.100
2008-10-01,178.300
2008-11-01,175.600
2008-12-01,171.700
2009-01-01,162.300
2009-02-01,155.400
2009-03-01,153.000
2009-04-01,154.400
2009-05-01,153.800
2009-06-01,153.000
2009-07-01,153.100
2009-08-01,155.300
2009-09-01,157.200
2009-10-01,161.500
2009-11-01,165.100
2009-12-01,170.200
2010-01-01,169.900
2010-02-01,170.200
2010-03-01,168.100
2010-04-01,167.600
2010-05-01,168.300
2010-06-01,171.300
2010-07-01,173.400
2010-08-01,175.900
2010-09-01,179.300
2010-10-01,181.900
2010-11-01,181.200
2010-12-01,176.000
2011-01-01,175.100
2011-02-01,183.000
2011-03-01,190.600
2011-04-01,191.600
2011-05-01,192.600
2011-06-01,199.100
2011-07-01,203.800
2011-08-01,206.900
2011-09-01,203.600
2011-10-01,198.700
2011-11-01,198.100
2011-12-01,196.700
2012-01-01,194.900
2012-02-01,190.300
2012-03-01,188.100
2012-04-01,187.000
2012-05-01,185.600
2012-06-01,185.200
2012-07-01,187.000
2012-08-01,191.500
2012-09-01,196.000
2012-10-01,202.300
2012-11-01,205.500
2012-12-01,203.500
2013-01-01,198.700
2013-02-01,196.500
2013-03-01,196.200
2013-04-01,196.900
2013-05-01,199.300
2013-06-01,200.000
2013-07-01,198.800
2013-08-01,199.500
2013-09-01,200.600
2013-10-01,202.600
2013-11-01,204.900
2013-12-01,207.100
2014-01-01,212.200
2014-02-01,218.900
2014-03-01,222.400
2014-04-01,225.600
2014-05-01,223.900
2014-06-01,220.700
2014-07-01,220.700
2014-08-01,223.400
2014-09-01,228.300
2014-10-01,228.300
2014-11-01,221.900
2014-12-01,212.200
2015-01-01,199.600
2015-02-01,194.200
2015-03-01,192.800
2015-04-01,192.100
2015-05-01,194.100
2015-06-01,195.500
2015-07-01,194.800
2015-08-01,195.000
2015-09-01,196.700
2015-10-01,197.500
2015-11-01,197.600
2015-12-01,195.200
2016-01-01,191.300
2016-02-01,189.800
2016-03-01,189.000
2016-04-01,188.200
2016-05-01,186.900
2016-06-01,187.300
2016-07-01,191.300
2016-08-01,196.400
2016-09-01,198.800
2016-10-01,195.500
2016-11-01,195.400
2016-12-01,199.000
2017-01-01,201.200
2017-02-01,200.400
2017-03-01,198.700
2017-04-01,196.600
2017-05-01,195.900
2017-06-01,198.700
2017-07-01,200.200
2017-08-01,202.500
2017-09-01,202.000
2017-10-01,201.200
2017-11-01,200.100
2017-12-01,198.000
2018-01-01,195.100
2018-02-01,191.800
2018-03-01,192.100
2018-04-01,192.500
2018-05-01,195.100
2018-06-01,195.600
2018-07-01,194.700
2018-08-01,195.100
2018-09-01,196.000
2018-10-01,197.200
2018-11-01,195.800
2018-12-01,194.800
2019-01-01,195.500
2019-02-01,197.000
2019-03-01,198.800
2019-04-01,199.900
2019-05-01,201.900
2019-06-01,203.400
2019-07-01,205.600
2019-08-01,207.100
2019-09-01,207.700
2019-10-01,207.300
2019-11-01,209.300
2019-12-01,208.700
2020-01-01,206.900
2020-02-01,204.400
2020-03-01,203.200
2020-04-01,194.500
2020-05-01,189.800
2020-06-01,200.700
2020-07-01,210.200
2020-08-01,207.600
2020-09-01,205.400
2020-10-01,206.700
2020-11-01,210.300
2020-12-01,204.500
2021-01-01,201.300
2021-02-01,200.000
2021-03-01,202.100
2021-04-01,206.700
2021-05-01,210.200
2021-06-01,210.600
2021-07-01,210.268
2021-08-01,209.628
2021-09-01,210.635
2021-10-01,213.066
2021-11-01,215.677
2021-12-01,220.709
2022-01-01,228.546
2022-02-01,235.527
2022-03-01,242.000
2022-04-01,248.671
2022-05-01,251.447
2022-06-01,253.895
2022-07-01,254.748
2022-08-01,251.977
2022-09-01,250.876
2022-10-01,251.921
2022-11-01,251.835
2022-12-01,250.038
2023-01-01,245.800
2023-02-01,240.613
2023-03-01,236.898
2023-04-01,236.965
2023-05-01,234.927
2023-06-01,230.591
2023-07-01,227.691
2023-08-01,231.588
2023-09-01,235.435
2023-10-01,240.091
2023-11-01,237.979
2023-12-01,235.349
2024-01-01,232.891
2024-02-01,235.546
2024-03-01,237.911
2024-04-01,237.803
2024-05-01,241.697
2024-06-01,245.273
2024-07-01,248.023
2024-08-01,250.012
2024-09-01,254.451
2024-10-01,252.360
2024-11-01,250.199
2024-12-01,247.171
2025-01-01,248.796
2025-02-01,248.849
2025-03-01,246.291
2025-04-01,244.068
2025-05-01,242.984
2025-06-01,245.498
2025-07-01,246.559
2025-08-01,246.645
2025-09-01,243.320
2025-10-01,239.451
2025-11-01,237.365
2025-12-01,235.553
2026-01-01,231.997
2026-02-01,233.518
2026-03-01,239.322
2026-04-01,243.309
2026-05-01,245.622
2026-06-01,248.232
2026-07-01,247.719
2026-08-01,245.468
